Div,Dept,Prog,SubjectClg of Chemistry,Chem & Biomolecular Eng,Chem & Biomolecular Eng,Chemical EngineeringClg of Chemistry,Chemistry,Chemistry,ChemistryClg of Chemistry,Chemistry,L&S Chemistry,Clg of Chemistry,Chemistry,Other Chemistry Programs,Clg of Engineering,App Sci & Tech Grad Grp,App Sci & Tech Grad Grp,Clg of Engineering,Bioengineering,Bioengineering,BioengineeringClg of Engineering,Civil & Environmental Eng,Civil & Environmental Eng,Civil & Environmental EngClg of Engineering,Electrical Eng & Comp Sci,Electrical Eng & Comp Sci,Computer ScienceClg of Engineering,Electrical Eng & Comp Sci,Electrical Eng & Comp Sci,Electrical Eng & Comp SciClg of Engineering,Electrical Eng & Comp Sci,Electrical Eng & Comp Sci,Electrical EngineeringClg of Engineering,Electrical Eng & Comp Sci,L&S Computer Science,Clg of Engineering,Engineering Science,Engineering Science,EngineeringClg of Engineering,Industrial Eng & Ops Rsch,Industrial Eng & Ops Rsch,Industrial Eng & Ops RschClg of Engineering,Industrial Eng & Ops Rsch,L&S Ops Rsch & Mgmt Sci,Clg of Engineering,Materials Science & Eng,Materials Science & Eng,Materials Science & EngClg of Engineering,Mechanical Engineering,Mechanical Engineering,Mechanical EngineeringClg of Engineering,Nuclear Engineering,Nuclear Engineering,Nuclear EngineeringClg of Engineering,Ocean Eng Grad Grp,Ocean Eng Grad Grp,Clg of Env Design,Architecture,Architecture,ArchitectureClg of Env Design,Architecture,Architecture,Visual StudiesClg of Env Design,City & Regional Planning,City & Regional Planning,City & Regional PlanningClg of Env Design,Landscape Arch & Env Plan,Landscape Arch & Env Plan,Landscape Arch & Env PlanClg of Env Design,Other Env Design Programs,Other Env Design Programs,Environmental DesignClg of Env Design,Urban Design Grad Grp,Urban Design Grad Grp,Clg of Natural Resources,Ag & Env Chem Grad Grp,Ag & Env Chem Grad Grp,Clg of Natural Resources,Ag & Resource Econ & Pol,Ag & Resource Econ & Pol,Environ Econ & PolicyClg of Natural Resources,Comp Biochem Grad Grp,Comp Biochem Grad Grp,Comparative BiochemistryClg of Natural Resources,Dev Practice Grad Grp,Dev Practice Grad Grp,Clg of Natural Resources,Energy & Resources Group,Energy & Resources Group,Energy and ResourcesClg of Natural Resources,"Env Sci, Policy, & Mgmt","Env Sci, Policy, & Mgmt","Env Sci, Policy, & Mgmt"Clg of Natural Resources,"Env Sci, Policy, & Mgmt",L&S Envir Econ & Policy,"FPF-Env Sci, Pol, & Mgmt"Clg of Natural Resources,Metabolic Bio Grad Grp,Metabolic Bio Grad Grp,Clg of Natural Resources,Microbiology Grad Grp,Microbiology Grad Grp,Clg of Natural Resources,Molecular Tox Grad Grp,Molecular Tox Grad Grp,Clg of Natural Resources,Nutritional Science & Tox,Nutritional Science & Tox,Nutritional Science & ToxClg of Natural Resources,Other CNR Programs,Other CNR Programs,Natural ResourcesClg of Natural Resources,Plant & Microbial Biology,Plant & Microbial Biology,Plant BiologyClg of Natural Resources,Range Mgmt Grad Grp,Range Mgmt Grad Grp,Clg of Natural Resources,Wood Sci & Tech Grad Grp,Wood Sci & Tech Grad Grp,Goldman School Pub Pol,Public Policy,Public Policy,Public PolicyGrad School of Education,Education,Education,EducationGrad School of Education,Sci & Math Educ Grad Grp,Sci & Math Educ Grad Grp,Grad School of Journalism,Journalism,Journalism,JournalismGraduate Division,Interdisc Doctoral Pgms,Interdisc Doctoral Pgms,Haas School of Business,Business,Business,Berk-Columbia Exec MBAHaas School of Business,Business,Business,Business Admin-MBAHaas School of Business,Business,Business,Business Admin-PhDHaas School of Business,Business,Business,Business Admin-UndergradHaas School of Business,Business,Business,Evening & Weekend MBAHaas School of Business,Business,Business,Financial EngineeringI School,Information,Information,Info & Data ScienceI School,Library & Info Studies,Library & Info Studies,Info Mgmt & SystemsL&S-Arts & Humanities Div,Anc Hist Med Arc Grad Grp,Anc Hist Med Arc Grad Grp,Anc Hist & Medit ArchaeL&S-Arts & Humanities Div,Art Practice,Art Practice,Art PracticeL&S-Arts & Humanities Div,Buddhist Studies Grad Grp,Buddhist Studies Grad Grp,Buddhist StudiesL&S-Arts & Humanities Div,Classics,Classics,ClassicsL&S-Arts & Humanities Div,Classics,Classics,FPF-ClassicsL&S-Arts & Humanities Div,Classics,Classics,LatinL&S-Arts & Humanities Div,Classics,Classics,GreekL&S-Arts & Humanities Div,Comparative Literature,Comparative Literature,Comparative LiteratureL&S-Arts & Humanities Div,East Asian Lang & Culture,East Asian Lang & Culture,ChineseL&S-Arts & Humanities Div,East Asian Lang & Culture,East Asian Lang & Culture,East Asian LanguagesL&S-Arts & Humanities Div,East Asian Lang & Culture,East Asian Lang & Culture,JapaneseL&S-Arts & Humanities Div,East Asian Lang & Culture,East Asian Lang & Culture,KoreanL&S-Arts & Humanities Div,East Asian Lang & Culture,East Asian Lang & Culture,TibetanL&S-Arts & Humanities Div,East Asian Lang & Culture,East Asian Lang & Culture,MongolianL&S-Arts & Humanities Div,English,English,EnglishL&S-Arts & Humanities Div,English,English,FPF-College Writing PgmL&S-Arts & Humanities Div,English,English,FPF-EnglishL&S-Arts & Humanities Div,English,English,College Writing ProgramsL&S-Arts & Humanities Div,English,English,Creative WritingL&S-Arts & Humanities Div,Film and Media,Film and Media,FilmL&S-Arts & Humanities Div,Film and Media,Film and Media,FPF-FilmL&S-Arts & Humanities Div,French,French,FrenchL&S-Arts & Humanities Div,German,German,GermanL&S-Arts & Humanities Div,German,German,DutchL&S-Arts & Humanities Div,German,German,YiddishL&S-Arts & Humanities Div,History of Art,History of Art,History of ArtL&S-Arts & Humanities Div,History of Art,History of Art,FPF-History of ArtL&S-Arts & Humanities Div,Italian Studies,Italian Studies,Italian StudiesL&S-Arts & Humanities Div,Jewish Studies Program,Jewish Studies Program,Jewish StudiesL&S-Arts & Humanities Div,Medieval Studies Grad Grp,Medieval Studies Grad Grp,L&S-Arts & Humanities Div,Music,Music,MusicL&S-Arts & Humanities Div,Music,Music,FPF-MusicL&S-Arts & Humanities Div,Near Eastern Rel Grad Grp,Near Eastern Rel Grad Grp,L&S-Arts & Humanities Div,Near Eastern Studies,Near Eastern Studies,ArabicL&S-Arts & Humanities Div,Near Eastern Studies,Near Eastern Studies,CuneiformL&S-Arts & Humanities Div,Near Eastern Studies,Near Eastern Studies,EgyptianL&S-Arts & Humanities Div,Near Eastern Studies,Near Eastern Studies,PersianL&S-Arts & Humanities Div,Near Eastern Studies,Near Eastern Studies,TurkishL&S-Arts & Humanities Div,Near Eastern Studies,Near Eastern Studies,Near Eastern StudiesL&S-Arts & Humanities Div,Near Eastern Studies,Near Eastern Studies,HebrewL&S-Arts & Humanities Div,Near Eastern Studies,Near Eastern Studies,SemiticsL&S-Arts & Humanities Div,Other Arts & Humanities,Other Arts & Humanities,L&S-Arts & Humanities Div,Performance Stds Grad Grp,Performance Stds Grad Grp,L&S-Arts & Humanities Div,Philosophy,Philosophy,PhilosophyL&S-Arts & Humanities Div,Philosophy,Philosophy,FPF-PhilosophyL&S-Arts & Humanities Div,Rhetoric,Rhetoric,RhetoricL&S-Arts & Humanities Div,Rhetoric,Rhetoric,FPF-RhetoricL&S-Arts & Humanities Div,Rom Lang & Lit Grad Pgm,Rom Lang & Lit Grad Pgm,L&S-Arts & Humanities Div,Scandinavian,Scandinavian,DanishL&S-Arts & Humanities Div,Scandinavian,Scandinavian,FinnishL&S-Arts & Humanities Div,Scandinavian,Scandinavian,IcelandicL&S-Arts & Humanities Div,Scandinavian,Scandinavian,NorwegianL&S-Arts & Humanities Div,Scandinavian,Scandinavian,ScandinavianL&S-Arts & Humanities Div,Scandinavian,Scandinavian,SwedishL&S-Arts & Humanities Div,Slavic Languages & Lit,Slavic Languages & Lit,ArmenianL&S-Arts & Humanities Div,Slavic Languages & Lit,Slavic Languages & Lit,Bosnian/Croatian/SerbianL&S-Arts & Humanities Div,Slavic Languages & Lit,Slavic Languages & Lit,CzechL&S-Arts & Humanities Div,Slavic Languages & Lit,Slavic Languages & Lit,HungarianL&S-Arts & Humanities Div,Slavic Languages & Lit,Slavic Languages & Lit,PolishL&S-Arts & Humanities Div,Slavic Languages & Lit,Slavic Languages & Lit,RussianL&S-Arts & Humanities Div,Slavic Languages & Lit,Slavic Languages & Lit,Slavic Languages & LitL&S-Arts & Humanities Div,South & SE Asian Studies,South & SE Asian Studies,BengaliL&S-Arts & Humanities Div,South & SE Asian Studies,South & SE Asian Studies,BurmeseL&S-Arts & Humanities Div,South & SE Asian Studies,South & SE Asian Studies,Hindi-UrduL&S-Arts & Humanities Div,South & SE Asian Studies,South & SE Asian Studies,KhmerL&S-Arts & Humanities Div,South & SE Asian Studies,South & SE Asian Studies,Malay/IndonesianL&S-Arts & Humanities Div,South & SE Asian Studies,South & SE Asian Studies,PunjabiL&S-Arts & Humanities Div,South & SE Asian Studies,South & SE Asian Studies,SanskritL&S-Arts & Humanities Div,South & SE Asian Studies,South & SE Asian Studies,TamilL&S-Arts & Humanities Div,South & SE Asian Studies,South & SE Asian Studies,TeluguL&S-Arts & Humanities Div,South & SE Asian Studies,South & SE Asian Studies,ThaiL&S-Arts & Humanities Div,South & SE Asian Studies,South & SE Asian Studies,South & SE Asian StudiesL&S-Arts & Humanities Div,South & SE Asian Studies,South & SE Asian Studies,South AsianL&S-Arts & Humanities Div,South & SE Asian Studies,South & SE Asian Studies,Southeast AsianL&S-Arts & Humanities Div,South & SE Asian Studies,South & SE Asian Studies,FilipinoL&S-Arts & Humanities Div,South & SE Asian Studies,South & SE Asian Studies,VietnameseL&S-Arts & Humanities Div,Spanish & Portuguese,Spanish & Portuguese,SpanishL&S-Arts & Humanities Div,Spanish & Portuguese,Spanish & Portuguese,CatalanL&S-Arts & Humanities Div,Spanish & Portuguese,Spanish & Portuguese,PortugueseL&S-Arts & Humanities Div,Theater Dance & Perf Stds,Theater Dance & Perf Stds,Theater Dance & Perf StdsL&S-Bio Sciences Div,Biophysics Grad Grp,Biophysics Grad Grp,BiophysicsL&S-Bio Sciences Div,Endocrinology Grad Grp,Endocrinology Grad Grp,L&S-Bio Sciences Div,Integrative Biology,Integrative Biology,Integrative BiologyL&S-Bio Sciences Div,Integrative Biology,Integrative Biology,FPF-Integrative BiologyL&S-Bio Sciences Div,Molecular & Cell Biology,Molecular & Cell Biology,BiologyL&S-Bio Sciences Div,Molecular & Cell Biology,Molecular & Cell Biology,Molecular & Cell BiologyL&S-Bio Sciences Div,Molecular & Cell Biology,Molecular & Cell Biology,FPF-Molecular & Cell BioL&S-Bio Sciences Div,Neuroscience Grad Program,Neuroscience Grad Program,NeuroscienceL&S-Bio Sciences Div,Other Bio Sciences Pgms,Other Bio Sciences Pgms,Computational BiologyL&S-Bio Sciences Div,Physical Education,Physical Education,Physical EducationL&S-Math & Phys Sci Div,Astronomy,Astronomy,AstronomyL&S-Math & Phys Sci Div,Astronomy,Astronomy,FPF-AstronomyL&S-Math & Phys Sci Div,Earth & Planetary Science,Earth & Planetary Science,Earth & Planetary ScienceL&S-Math & Phys Sci Div,Earth & Planetary Science,Earth & Planetary Science,FPF-Earth & Planetary SciL&S-Math & Phys Sci Div,Logic & Meth Sci Grad Grp,Logic & Meth Sci Grad Grp,L&S-Math & Phys Sci Div,Mathematics,Mathematics,MathematicsL&S-Math & Phys Sci Div,Mathematics,Mathematics,FPF-MathematicsL&S-Math & Phys Sci Div,Other Phys Sci Programs,Other Phys Sci Programs,L&S-Math & Phys Sci Div,Physics,Physics,PhysicsL&S-Math & Phys Sci Div,Statistics,Statistics,StatisticsL&S-Math & Phys Sci Div,Statistics,Statistics,FPF-StatisticsL&S-Social Sciences Div,African American Studies,African American Studies,African American StudiesL&S-Social Sciences Div,Anthropology,Anthropology,AnthropologyL&S-Social Sciences Div,Anthropology,Anthropology,FPF-AnthropologyL&S-Social Sciences Div,Asian Studies Grad Grp,Asian Studies Grad Grp,Asian American StudiesL&S-Social Sciences Div,Asian Studies Grad Grp,Asian Studies Grad Grp,FPF-Asian American StdsL&S-Social Sciences Div,Asian Studies Grad Grp,Asian Studies Grad Grp,Asian StudiesL&S-Social Sciences Div,Demography,Demography,DemographyL&S-Social Sciences Div,Economics,Economics,EconomicsL&S-Social Sciences Div,Ethnic Studies,Ethnic Studies,Ethnic StudiesL&S-Social Sciences Div,Ethnic Studies,Ethnic Studies,FPF-Ethnic StudiesL&S-Social Sciences Div,Ethnic Studies,Ethnic Studies,Native American StudiesL&S-Social Sciences Div,Ethnic Studies Grad Grp,Ethnic Studies Grad Grp,Ethnic Studies Grad GroupL&S-Social Sciences Div,Ethnic Studies Grad Grp,Ethnic Studies Grad Grp,Chicano StudiesL&S-Social Sciences Div,Folklore Grad Grp,Folklore Grad Grp,FolkloreL&S-Social Sciences Div,Gender & Womens Studies,Gender & Womens Studies,Gender & Womens StudiesL&S-Social Sciences Div,Gender & Womens Studies,Gender & Womens Studies,FPF-Gender & Womens StdsL&S-Social Sciences Div,Gender & Womens Studies,Gender & Womens Studies,LGBT StudiesL&S-Social Sciences Div,Geography,Geography,GeographyL&S-Social Sciences Div,Geography,Geography,FPF-GeographyL&S-Social Sciences Div,History,History,HistoryL&S-Social Sciences Div,History,History,FPF-HistoryL&S-Social Sciences Div,Intl & Area Stds Grad Grp,Intl & Area Stds Grad Grp,FPF-Middle Eastern StdsL&S-Social Sciences Div,Intl & Area Stds Grad Grp,Intl & Area Stds Grad Grp,Middle Eastern StudiesL&S-Social Sciences Div,Intl & Area Stds Grad Grp,Intl & Area Stds Grad Grp,Global Poverty & PracticeL&S-Social Sciences Div,Intl & Area Stds Grad Grp,Intl & Area Stds Grad Grp,International & Area StdsL&S-Social Sciences Div,Intl & Area Stds Grad Grp,Intl & Area Stds Grad Grp,Peace & Conflict StudiesL&S-Social Sciences Div,Intl & Area Stds Grad Grp,Intl & Area Stds Grad Grp,Political EconomyL&S-Social Sciences Div,Latin Am Stds Grad Grp,Latin Am Stds Grad Grp,L&S-Social Sciences Div,Linguistics,Linguistics,LinguisticsL&S-Social Sciences Div,Linguistics,Linguistics,FPF-LinguisticsL&S-Social Sciences Div,Other Social Sciences,Other Social Sciences,American StudiesL&S-Social Sciences Div,Other Social Sciences,Other Social Sciences,Latin American StudiesL&S-Social Sciences Div,Other Social Sciences,Other Social Sciences,Celtic StudiesL&S-Social Sciences Div,Other Social Sciences,Other Social Sciences,Critical TheoryL&S-Social Sciences Div,Other Social Sciences,Other Social Sciences,Global Metro StudiesL&S-Social Sciences Div,Political Science,Political Science,Political ScienceL&S-Social Sciences Div,Political Science,Political Science,FPF-Political ScienceL&S-Social Sciences Div,Psychology,Psychology,PsychologyL&S-Social Sciences Div,Psychology,Psychology,FPF-PsychologyL&S-Social Sciences Div,Sociology,Sociology,SociologyL&S-Social Sciences Div,Sociology,Sociology,FPF-SociologyL&S-Social Sciences Div,Sociology/Demog Grad Grp,Sociology/Demog Grad Grp,L&S-Undeclared,L&S Undeclared,L&S Undeclared,FPF-Letters and ScienceL&S-Undeclared,L&S Undeclared,L&S Undeclared,Letters & ScienceL&S-Undergraduate Div,IAS Teaching Program,IAS Teaching Program,L&S-Undergraduate Div,UGIS-UG Interdisc Studies,UGIS-UG Interdisc Studies,Aerospace StudiesL&S-Undergraduate Div,UGIS-UG Interdisc Studies,UGIS-UG Interdisc Studies,Military AffairsL&S-Undergraduate Div,UGIS-UG Interdisc Studies,UGIS-UG Interdisc Studies,Military ScienceL&S-Undergraduate Div,UGIS-UG Interdisc Studies,UGIS-UG Interdisc Studies,Naval ScienceL&S-Undergraduate Div,UGIS-UG Interdisc Studies,UGIS-UG Interdisc Studies,UGIS-UG Interdisc StudiesL&S-Undergraduate Div,UGIS-UG Interdisc Studies,UGIS-UG Interdisc Studies,Cognitive ScienceL&S-Undergraduate Div,UGIS-UG Interdisc Studies,UGIS-UG Interdisc Studies,Interdisciplinary StudiesL&S-Undergraduate Div,UGIS-UG Interdisc Studies,UGIS-UG Interdisc Studies,Media StudiesL&S-Undergraduate Div,UGIS-UG Interdisc Studies,UGIS-UG Interdisc Studies,Religious StudiesOther EVCP Programs,Other EVCP Programs,Other EVCP Programs,School of Law,JSP Grad Pgm,JSP Grad Pgm,School of Law,Law,L&S Legal Studies,Legal StudiesSchool of Law,Law,L&S Legal Studies,FPF-Legal StudiesSchool of Law,Law,Law,LawSchool of Optometry,Optometry,Optometry,OptometrySchool of Optometry,Vision Science Grad Grp,Vision Science Grad Grp,Vision ScienceSchool of Public Health,Biostatistics Grad Grp,Biostatistics Grad Grp,School of Public Health,Envir Health Sci Grad Grp,Envir Health Sci Grad Grp,School of Public Health,Epidemiology Grad Grp,Epidemiology Grad Grp,School of Public Health,Hlth & Med Sci Grad Grp,Hlth & Med Sci Grad Grp,Health & Medical SciencesSchool of Public Health,Hlth Svcs Pol An Grad Grp,Hlth Svcs Pol An Grad Grp,School of Public Health,Inf Dis & Imm Grad Grp,Inf Dis & Imm Grad Grp,School of Public Health,Public Health,L&S Public Health,School of Public Health,Public Health,Public Health,Public HealthSchool of Social Welfare,Social Welfare,L&S Social Welfare,School of Social Welfare,Social Welfare,Social Welfare,Social WelfareClg of Natural Resources,Ag & Resource Econ & Pol,Ag & Resource Econ & Pol,Ag & Resource Econ & PolMultiple,Multiple,Multiple,Design InnovationMultiple,Multiple,Multiple,Nanoscale Science & EngMultiple,Multiple,Multiple,New MediaMultiple,Grad group in development eng,Grad group in development eng,Development EngineeringMultiple,Grad group in development eng,Grad group in development eng,Development PracticeMultiple,Grad group in development eng,Grad group in development eng,Development StudiesNone,None,None,Grad Professional Dev PgmNone,None,None,Language Proficiency PgmNone,None,None,Science & Math EducationNone,None,None,Science & Tech Studies